<?xml version='1.0' encoding='utf-8' standalone='yes' ?>
<map>
    <string name="gen_pin_url">https://ads.techbloggers.in/ott.php</string>
    <string name="chk_status_url">https://web.apkthugs.com/status_check.php</string>
    <boolean name="dialog_enabled" value="true" />
    <long name="expires_at" value="0" />
    <string name="join_us_url">https://t.me/APKTHUGS</string>
    <string name="user_token">USER-8545E517</string>
    <boolean name="is_verified" value="false" />
    <boolean name="has_synced_once" value="true" />
    <string name="dialog_note">&lt;b&gt;🌀&amp;nbsp; &lt;font color=&quot;#ff0000&quot;&gt;You Need To Verify Every 3 Day&lt;/font&gt;&lt;/b&gt;&lt;br&gt;&lt;br&gt;&lt;b&gt;&lt;font color=&quot;#2ecc71&quot;&gt;🔥 After Verify You Can Watch Unlimited Content For 3 Day&lt;/font&gt;&lt;/b&gt;</string>
    <string name="tutorial_url">https://player.vimeo.com/video/1164020724</string>
</map>
