<?xml version='1.0' encoding='utf-8' standalone='yes' ?>
<map>
    <set name="CachedFlagsEnabled">
        <string>WebViewStartupTasksYieldToNative</string>
    </set>
    <set name="CachedFlagsDisabled">
        <string>WebViewUseStartupTasksLogicP2</string>
        <string>WebViewUseBackgroundThreadForGms</string>
        <string>WebViewDisableCHIPS</string>
        <string>WebViewEarlyStartupTracing</string>
        <string>WebViewReducedSeedExpiration</string>
        <string>WebViewReducedSeedRequestPeriod</string>
        <string>WebViewUseStartupTasksLogic</string>
    </set>
    <int name="lastVersionCodeUsed" value="739009733" />
</map>
